INSERT INTO jogador VALUES ('11111111111', 'Alice');
INSERT INTO jogador VALUES ('22222222222', 'Bob');
INSERT INTO jogador VALUES ('33333333333', 'Carla');
INSERT INTO personagem VALUES ('Claire', 'Jornalista', 30, 'Feminino', 'Londres', 'Manchester', 10, 80, '11111111111');
INSERT INTO personagem VALUES ('Amélie', 'Médica', 28, 'Feminino', 'Paris', 'Marselha', 12, 75, '22222222222');
INSERT INTO personagem VALUES ('Tonho', 'Carpinteiro', 40, 'Masculino', 'Nova York', 'Bahia', 14, 65, '33333333333');
INSERT INTO pilarSanidade VALUES ('Claire', 'Família', 'Emocional', 'Estável');
INSERT INTO pilarSanidade VALUES ('Claire', 'Investigação', 'Profissional', 'Ativo');
INSERT INTO pilarSanidade VALUES ('Amélie', 'Medicina', 'Vocacional', 'Ativo');
INSERT INTO pilarSanidade VALUES ('Tonho', 'Fé', 'Espiritual', 'Fragilizado');
INSERT INTO nivelCredito VALUES ('Claire', 30, 2000.0, 150.0, 100.0, 'Classe Média');
INSERT INTO nivelCredito VALUES ('Amélie', 40, 5000.0, 300.0, 200.0, 'Classe Alta');
INSERT INTO nivelCredito VALUES ('Tonho', 20, 800.0, 80.0, 60.0, 'Trabalhador');
INSERT INTO atributos VALUES ('Claire', 50, 60, 55, 45, 70, 80, 65, 75);
INSERT INTO atributos VALUES ('Amélie', 40, 55, 60, 50, 65, 85, 70, 80);
INSERT INTO atributos VALUES ('Tonho', 70, 80, 75, 60, 40, 50, 60, 60);
INSERT INTO cemiterio VALUES ('Woodlawn');
INSERT INTO cemiterio VALUES ('Père Lachaise');
INSERT INTO cemiterio VALUES ('Cemitério da Consolação');
INSERT INTO sessao VALUES (1, '2024-04-29');
INSERT INTO sessao VALUES (2, '2024-02-10');
INSERT INTO sessao VALUES (3, '2023-12-31');
INSERT INTO sessao VALUES (4, '2024-01-03');
INSERT INTO sessao VALUES (5, '2023-04-12');
INSERT INTO sepultamento VALUES ('Claire', 'Père Lachaise', 3, 'Morte em combate com cultistas');
INSERT INTO participacao VALUES ('11111111111', 1);
INSERT INTO participacao VALUES ('22222222222', 1);
INSERT INTO participacao VALUES ('33333333333', 1);
INSERT INTO participacao VALUES ('11111111111', 2);
INSERT INTO combate VALUES ('2023-04-01 19:24:24');
INSERT INTO combate VALUES ('2024-12-15 16:20:31');
INSERT INTO locacao VALUES ('Teatro Lafayette', 'Paris, França', 'Teatro');
INSERT INTO locacao VALUES ('Museu do Cairo', 'Cairo, Egito', 'Museu');
INSERT INTO acontecimento VALUES ('2023-04-01 19:24:24', 'Teatro Lafayette');
INSERT INTO acontecimento VALUES ('2024-12-15 16:20:31', 'Museu do Cairo');
INSERT INTO npc VALUES ('Omar Shakti', 45, 'inimigo', 'Cultista egípcio');
INSERT INTO npc VALUES ('Millie Adams', 30, 'aliado', 'Atriz americana');
INSERT INTO enfrentamento VALUES ('2023-04-01 19:24:24', 'Omar Shakti', 'Amélie');
INSERT INTO enfrentamento VALUES ('2024-12-15 16:20:31', 'Omar Shakti', 'Tonho');
INSERT INTO grupo VALUES ('Irmandade Negra', 'inimigo');
INSERT INTO grupo VALUES ('Aliados da Luz', 'aliado');
INSERT INTO encontra_se VALUES ('Omar Shakti', 'Irmandade Negra', 'Museu do Cairo');
INSERT INTO encontra_se VALUES ('Millie Adams', 'Aliados da Luz', 'Teatro Lafayette');
INSERT INTO magia VALUES ('Rugido do Abismo', 2, 'Invoca um som aterrador que desestabiliza o inimigo.', 10);
INSERT INTO magia VALUES ('Véu da Loucura', 3, 'Cria uma ilusão horrenda que afeta a mente dos alvos.', 15);
INSERT INTO item VALUES ('Livro Negro', Null, 'Claire');
INSERT INTO item VALUES ('Estátua Ancestral', 'Museu do Cairo', Null);
INSERT INTO livro VALUES ('Livro Negro', 2, 10, 5);
INSERT INTO artefato VALUES ('Estátua Ancestral', 'Omar Shakti', 'Estátua com símbolos antigos e presença arcana.');
INSERT INTO livroPossuiMagia VALUES ('Livro Negro', 'Rugido do Abismo');
INSERT INTO livroPossuiMagia VALUES ('Livro Negro', 'Véu da Loucura');
